{
"DESCRIPTION" : {"GOSI_DATE":"고시일자","ENT_NAME":"도시계획사항 명칭","SHAPE_AREA":"X 좌표","JOSER_ID":"결정조서 일련번호","LABEL":"라벨","ID":"일련번호","GOSI_ID":"고시 일련번호","SHAPE_LEN":"Y 좌표","CODE":"도시계획사항 코드","OBJECTID":"고유번호"},
"DATA" : [
{"shape_area":"0.01111195000","id":"준공업지역_5635","gosi_date":"","joser_id":"","gosi_id":"","ent_name":"준공업지역","shape_len":"19.44992283060","label":"준공업지역","code":"UQA330","objectid":1},
{"shape_area":"0.05412685000","id":"준공업지역_5635","gosi_date":"","joser_id":"","gosi_id":"","ent_name":"준공업지역","shape_len":"43.70921705370","label":"준공업지역","code":"UQA330","objectid":2},
{"shape_area":"5001386.43144000000","id":"준공업지역_5631","gosi_date":"","joser_id":"","gosi_id":"","ent_name":"준공업지역","shape_len":"20575.02597230000","label":"준공업지역","code":"UQA330","objectid":3},
{"shape_area":"20683.95220850000","id":"준공업지역_UQA33020121115215","gosi_date":"20121025","joser_id":"UQA33020121115215","gosi_id":"58030120","ent_name":"준공업지역","shape_len":"886.65290484700","label":"준공업지역","code":"UQA330","objectid":4},
{"shape_area":"1809654.23597000000","id":"준공업지역_5517","gosi_date":"","joser_id":"","gosi_id":"","ent_name":"준공업지역","shape_len":"12244.05366880000","label":"준공업지역","code":"UQA330","objectid":5},
{"shape_area":"31063.37982500000","id":"준공업지역_UQA33020141106430","gosi_date":"20140626","joser_id":"UQA33020141106430","gosi_id":"58033848","ent_name":"준공업지역","shape_len":"786.02475844200","label":"준공업지역","code":"UQA330","objectid":6},
{"shape_area":"272569.80021000000","id":"준공업지역_UQA33020170601530","gosi_date":"20161201","joser_id":"UQA33020170601530","gosi_id":"58038673","ent_name":"준공업지역","shape_len":"2946.55912417000","label":"중공업지역","code":"UQA330","objectid":7},
{"shape_area":"53995.30236750000","id":"준공업지역_UQA33020181108066","gosi_date":"20180622","joser_id":"UQA33020181108066","gosi_id":"58043073","ent_name":"준공업지역","shape_len":"1782.73286540000","label":"준공업지역","code":"UQA330","objectid":8},
{"shape_area":"41561.43064160000","id":"준공업지역_UQA33020181128212","gosi_date":"20180927","joser_id":"UQA33020181128212","gosi_id":"58043455","ent_name":"준공업지역","shape_len":"1013.77386810000","label":"준공업지역","code":"UQA330","objectid":9},
{"shape_area":"98300.42950870000","id":"준공업지역_UQA33020140709245","gosi_date":"20140527","joser_id":"UQA33020140709245","gosi_id":"58033152","ent_name":"준공업지역","shape_len":"2166.76043500000","label":"준공업지역","code":"UQA330","objectid":10},
{"shape_area":"15789.58534910000","id":"준공업지역_UQA33020140728277","gosi_date":"20140529","joser_id":"UQA33020140728277","gosi_id":"58033353","ent_name":"준공업지역","shape_len":"529.02383064200","label":"준공업지역","code":"UQA330","objectid":11},
{"shape_area":"58.47979554000","id":"준공업지역_5594","gosi_date":"","joser_id":"","gosi_id":"","ent_name":"준공업지역","shape_len":"67.76018511650","label":"준공업지역","code":"UQA330","objectid":12},
{"shape_area":"73576.85628330000","id":"준공업지역_5544","gosi_date":"","joser_id":"","gosi_id":"","ent_name":"준공업지역","shape_len":"1198.43499311000","label":"준공업지역","code":"UQA330","objectid":13},
{"shape_area":"4127.55833263000","id":"준공업지역_UQA33020100310163","gosi_date":"20100128","joser_id":"UQA33020100310163","gosi_id":"58020813","ent_name":"준공업지역","shape_len":"911.78436372500","label":"준공업지역","code":"UQA330","objectid":14},
{"shape_area":"816479.48866600000","id":"준공업지역_5635","gosi_date":"","joser_id":"","gosi_id":"","ent_name":"준공업지역","shape_len":"6291.78723281000","label":"준공업지역","code":"UQA330","objectid":15},
{"shape_area":"439.97972651000","id":"준공업지역_5622","gosi_date":"","joser_id":"","gosi_id":"","ent_name":"준공업지역","shape_len":"163.34269172800","label":"준공업지역","code":"UQA330","objectid":16},
{"shape_area":"0.06681093000","id":"준공업지역_5635","gosi_date":"","joser_id":"","gosi_id":"","ent_name":"준공업지역","shape_len":"25.73837541140","label":"준공업지역","code":"UQA330","objectid":17},
{"shape_area":"22698.51682610000","id":"준공업지역_5637","gosi_date":"","joser_id":"","gosi_id":"","ent_name":"준공업지역","shape_len":"1182.68413991000","label":"준공업지역","code":"UQA330","objectid":18},
{"shape_area":"3112.37073466000","id":"준공업지역_5639","gosi_date":"","joser_id":"","gosi_id":"","ent_name":"준공업지역","shape_len":"221.01041012100","label":"준공업지역","code":"UQA330","objectid":19},
{"shape_area":"1334543.67704000000","id":"준공업지역_5629","gosi_date":"","joser_id":"","gosi_id":"","ent_name":"준공업지역","shape_len":"11110.89786120000","label":"준공업지역","code":"UQA330","objectid":20},
{"shape_area":"504.71263391500","id":"준공업지역_UQA33020110125684","gosi_date":"20110120","joser_id":"UQA33020110125684","gosi_id":"58026337","ent_name":"준공업지역","shape_len":"152.73069951400","label":"준공업지역","code":"UQA330","objectid":21},
{"shape_area":"4228756.61999000000","id":"준공업지역_5634","gosi_date":"","joser_id":"811034","gosi_id":"8000184","ent_name":"준공업지역","shape_len":"18535.80804960000","label":"준공업지역","code":"UQA330","objectid":22},
{"shape_area":"4107733.61148000000","id":"준공업지역_UQA33020130910718","gosi_date":"20130822","joser_id":"UQA33020130910718","gosi_id":"58031759","ent_name":"준공업지역","shape_len":"20134.13166220000","label":"준공업지역","code":"UQA330","objectid":23},
{"shape_area":"17677.22646130000","id":"준공업지역_UQA33020141017345","gosi_date":"20140710","joser_id":"UQA33020141017345","gosi_id":"58033772","ent_name":"준공업지역","shape_len":"567.13276143000","label":"준공업지역","code":"UQA330","objectid":24},
{"shape_area":"5127.33075274000","id":"준공업지역_0130_추가","gosi_date":"","joser_id":"","gosi_id":"","ent_name":"준공업지역","shape_len":"540.83809801100","label":"준공업지역","code":"UQA330","objectid":25},
{"shape_area":"1691506.41452000000","id":"준공업지역_0131_추가","gosi_date":"","joser_id":"","gosi_id":"","ent_name":"준공업지역","shape_len":"9978.27868487000","label":"준공업지역","code":"UQA330","objectid":26},
{"shape_area":"71394.73407290000","id":"준공업지역_UQA33020190520758","gosi_date":"20141204","joser_id":"UQA33020190520758","gosi_id":"58046113","ent_name":"준공업지역","shape_len":"2504.07732914000","label":"준공업지역","code":"UQA330","objectid":27},
{"shape_area":"255198.28391500000","id":"준공업지역_5641","gosi_date":"","joser_id":"","gosi_id":"","ent_name":"준공업지역","shape_len":"2311.52141173000","label":"준공업지역","code":"UQA330","objectid":28},
{"shape_area":"3905.60942919000","id":"준공업지역_UQA33020100326213","gosi_date":"20100211","joser_id":"UQA33020100326213","gosi_id":"58021238","ent_name":"준공업지역","shape_len":"489.53894845600","label":"준공업지역","code":"UQA330","objectid":29},
{"shape_area":"2051266.94732000000","id":"준공업지역_5643","gosi_date":"","joser_id":"","gosi_id":"","ent_name":"준공업지역","shape_len":"6053.87114354000","label":"준공업지역","code":"UQA330","objectid":30},
{"shape_area":"17588.76197290000","id":"준공업지역_5627","gosi_date":"","joser_id":"","gosi_id":"","ent_name":"준공업지역","shape_len":"1633.00357828000","label":"준공업지역","code":"UQA330","objectid":31},
{"shape_area":"590090.23621600000","id":"준공업지역_5638","gosi_date":"","joser_id":"","gosi_id":"","ent_name":"준공업지역","shape_len":"3115.62325426000","label":"준공업지역","code":"UQA330","objectid":32},
{"shape_area":"25322.56353030000","id":"준공업지역_5640","gosi_date":"","joser_id":"","gosi_id":"","ent_name":"준공업지역","shape_len":"644.41688067600","label":"준공업지역","code":"UQA330","objectid":33},
{"shape_area":"22569.29453620000","id":"준공업지역_5633","gosi_date":"","joser_id":"","gosi_id":"","ent_name":"준공업지역","shape_len":"678.82138061400","label":"준공업지역","code":"UQA330","objectid":34},
{"shape_area":"615456.15190000000","id":"준공업지역_5642","gosi_date":"","joser_id":"","gosi_id":"","ent_name":"준공업지역","shape_len":"4816.73894255000","label":"준공업지역","code":"UQA330","objectid":35},
{"shape_area":"95204.74847730000","id":"준공업지역_5630","gosi_date":"","joser_id":"","gosi_id":"","ent_name":"준공업지역","shape_len":"1592.79706754000","label":"준공업지역","code":"UQA330","objectid":36},
{"shape_area":"4127.55833263000","id":"준공업지역_UQA33020150130649","gosi_date":"20100128","joser_id":"UQA33020150130649","gosi_id":"58034252","ent_name":"준공업지역","shape_len":"911.78436372500","label":"준공업지역","code":"UQA330","objectid":37},
{"shape_area":"22474.58597270000","id":"준공업지역_UQA33020151105762","gosi_date":"20150618","joser_id":"UQA33020151105762","gosi_id":"58035318","ent_name":"준공업지역","shape_len":"2870.37280035000","label":"준공업지역","code":"UQA330","objectid":38},
{"shape_area":"22568.74301450000","id":"준공업지역_UQA33020190830998","gosi_date":"20190509","joser_id":"UQA33020190830998","gosi_id":"58047218","ent_name":"준공업지역","shape_len":"678.32478879500","label":"준공업지역","code":"UQA330","objectid":39},
{"shape_area":"15701.98512820000","id":"준공업지역_UQA33020191216219","gosi_date":"20191121","joser_id":"UQA33020191216219","gosi_id":"58048289","ent_name":"준공업지역","shape_len":"600.44160354600","label":"준공업지역","code":"UQA330","objectid":40},
{"shape_area":"1110914.44424000000","id":"준공업지역_UQA33020200115292","gosi_date":"20191121","joser_id":"UQA33020200115292","gosi_id":"58048338","ent_name":"준공업지역","shape_len":"8918.38654610000","label":"준공업지역","code":"UQA330","objectid":41}
]
}