{
"DESCRIPTION" : {"LAT":"위도","GOSI_DATE":"고시일자","ENT_NAME":"도시계획사항 명칭","JOSER_ID":"결정조서 일련번호","LNG":"경도","LABEL":"라벨","ID":"일련번호","GOSI_ID":"고시 일련번호","CODE":"도시계획사항 코드","OBJECTID":"고유번호"},
"DATA" : [
{"id":"자연녹지지역_00189","gosi_date":" ","joser_id":" ","gosi_id":" ","ent_name":"자연녹지지역","lng":"127.0044675","label":"자연녹지지역","code":"UQA430","objectid":24,"lat":"37.6188842"},
{"id":"자연녹지지역_00152","gosi_date":" ","joser_id":" ","gosi_id":" ","ent_name":"자연녹지지역","lng":"127.0638845","label":"자연녹지지역","code":"UQA430","objectid":26,"lat":"37.6482182"},
{"id":"자연녹지지역_00081","gosi_date":" ","joser_id":" ","gosi_id":" ","ent_name":"자연녹지지역","lng":"126.8819916","label":"자연녹지지역","code":"UQA430","objectid":27,"lat":"37.5843835"},
{"id":"자연녹지지역_00194","gosi_date":" ","joser_id":" ","gosi_id":" ","ent_name":"자연녹지지역","lng":"127.0486758","label":"자연녹지지역","code":"UQA430","objectid":29,"lat":"37.6231233"},
{"id":"자연녹지지역_00113","gosi_date":" ","joser_id":" ","gosi_id":" ","ent_name":"자연녹지지역","lng":"126.9294182","label":"자연녹지지역","code":"UQA430","objectid":30,"lat":"37.4607981"},
{"id":"자연녹지지역_00182","gosi_date":" ","joser_id":" ","gosi_id":" ","ent_name":"자연녹지지역","lng":"127.0545633","label":"자연녹지지역","code":"UQA430","objectid":49,"lat":"37.6840121"},
{"id":"자연녹지지역_00051","gosi_date":" ","joser_id":" ","gosi_id":" ","ent_name":"자연녹지지역","lng":"127.0448922","label":"자연녹지지역","code":"UQA430","objectid":51,"lat":"37.62499"},
{"id":"자연녹지지역_00173","gosi_date":" ","joser_id":" ","gosi_id":" ","ent_name":"자연녹지지역","lng":"126.8813336","label":"자연녹지지역","code":"UQA430","objectid":55,"lat":"37.5428935"},
{"id":"자연녹지지역_00028","gosi_date":" ","joser_id":" ","gosi_id":" ","ent_name":"자연녹지지역","lng":"126.9937717","label":"자연녹지지역","code":"UQA430","objectid":57,"lat":"37.5915086"},
{"id":"자연녹지지역_00197","gosi_date":" ","joser_id":" ","gosi_id":" ","ent_name":"자연녹지지역","lng":"126.913962","label":"자연녹지지역","code":"UQA430","objectid":58,"lat":"37.5359061"},
{"id":"자연녹지지역_00063","gosi_date":" ","joser_id":" ","gosi_id":" ","ent_name":"자연녹지지역","lng":"127.0474051","label":"자연녹지지역","code":"UQA430","objectid":59,"lat":"37.6472265"},
{"id":"자연녹지지역_00160","gosi_date":" ","joser_id":" ","gosi_id":" ","ent_name":"자연녹지지역","lng":"126.9327653","label":"자연녹지지역","code":"UQA430","objectid":60,"lat":"37.4594121"},
{"id":"자연녹지지역_00181","gosi_date":" ","joser_id":" ","gosi_id":" ","ent_name":"자연녹지지역","lng":"127.1107454","label":"자연녹지지역","code":"UQA430","objectid":61,"lat":"37.489548"},
{"id":"자연녹지지역_00126","gosi_date":" ","joser_id":" ","gosi_id":" ","ent_name":"자연녹지지역","lng":"126.8841603","label":"자연녹지지역","code":"UQA430","objectid":62,"lat":"37.4636601"},
{"id":"자연녹지지역_00093","gosi_date":" ","joser_id":" ","gosi_id":" ","ent_name":"자연녹지지역","lng":"127.1063051","label":"자연녹지지역","code":"UQA430","objectid":63,"lat":"37.487466"},
{"id":"자연녹지지역_UQA43020120131596","gosi_date":"20111201","joser_id":"UQA43020120131596","gosi_id":"58028374","ent_name":"자연녹지지역","lng":"126.9242454","label":"자연녹지지역","code":"UQA430","objectid":64,"lat":"37.638662"},
{"id":"자연녹지지역_00115","gosi_date":" ","joser_id":" ","gosi_id":" ","ent_name":"자연녹지지역","lng":"126.9657894","label":"자연녹지지역","code":"UQA430","objectid":65,"lat":"37.5083101"},
{"id":"자연녹지지역_00002","gosi_date":" ","joser_id":" ","gosi_id":" ","ent_name":"자연녹지지역","lng":"126.8418209","label":"자연녹지지역","code":"UQA430","objectid":66,"lat":"37.5634155"},
{"id":"자연녹지지역_00198","gosi_date":" ","joser_id":" ","gosi_id":" ","ent_name":"자연녹지지역","lng":"127.0559153","label":"자연녹지지역","code":"UQA430","objectid":67,"lat":"37.4557462"},
{"id":"자연녹지지역_00164","gosi_date":" ","joser_id":" ","gosi_id":" ","ent_name":"자연녹지지역","lng":"126.8992823","label":"자연녹지지역","code":"UQA430","objectid":68,"lat":"37.6098973"},
{"id":"자연녹지지역_7118","gosi_date":"20020905","joser_id":"105897","gosi_id":"12000830","ent_name":"자연녹지지역","lng":"127.0517822","label":"자연녹지지역","code":"UQA430","objectid":3,"lat":"37.6249914"},
{"id":"자연녹지지역_00141","gosi_date":" ","joser_id":" ","gosi_id":" ","ent_name":"자연녹지지역","lng":"127.0629592","label":"자연녹지지역","code":"UQA430","objectid":9,"lat":"37.5294545"},
{"id":"자연녹지지역_00067","gosi_date":" ","joser_id":" ","gosi_id":" ","ent_name":"자연녹지지역","lng":"127.0790911","label":"자연녹지지역","code":"UQA430","objectid":11,"lat":"37.526631"},
{"id":"자연녹지지역_00106","gosi_date":" ","joser_id":" ","gosi_id":" ","ent_name":"자연녹지지역","lng":"127.0489727","label":"자연녹지지역","code":"UQA430","objectid":14,"lat":"37.6795708"},
{"id":"자연녹지지역_UQA43020130704564","gosi_date":"20130321","joser_id":"UQA43020130704564","gosi_id":"58031441","ent_name":"자연녹지지역","lng":"126.9640761","label":"자연녹지지역","code":"UQA430","objectid":15,"lat":"37.5097348"},
{"id":"자연녹지지역_00165","gosi_date":" ","joser_id":" ","gosi_id":" ","ent_name":"자연녹지지역","lng":"126.8648716","label":"자연녹지지역","code":"UQA430","objectid":17,"lat":"37.5090316"},
{"id":"자연녹지지역_UQA43020110523952","gosi_date":"20101103","joser_id":"UQA43020110523952","gosi_id":"58027195","ent_name":"자연녹지지역","lng":"127.1420407","label":"자연녹지지역","code":"UQA430","objectid":19,"lat":"37.4803475"},
{"id":"자연녹지지역_00057","gosi_date":" ","joser_id":" ","gosi_id":" ","ent_name":"자연녹지지역","lng":"127.0652906","label":"자연녹지지역","code":"UQA430","objectid":20,"lat":"37.6553415"},
{"id":"자연녹지지역_00191","gosi_date":" ","joser_id":" ","gosi_id":" ","ent_name":"자연녹지지역","lng":"126.8564245","label":"자연녹지지역","code":"UQA430","objectid":21,"lat":"37.5146196"},
{"id":"자연녹지지역_00172","gosi_date":" ","joser_id":" ","gosi_id":" ","ent_name":"자연녹지지역","lng":"126.9804365","label":"자연녹지지역","code":"UQA430","objectid":22,"lat":"37.532861"},
{"id":"자연녹지지역_00155","gosi_date":" ","joser_id":" ","gosi_id":" ","ent_name":"자연녹지지역","lng":"127.0423057","label":"자연녹지지역","code":"UQA430","objectid":23,"lat":"37.6281494"},
{"id":"자연녹지지역_00132","gosi_date":" ","joser_id":" ","gosi_id":" ","ent_name":"자연녹지지역","lng":"126.8473625","label":"자연녹지지역","code":"UQA430","objectid":25,"lat":"37.5101788"},
{"id":"자연녹지지역_7308","gosi_date":"20090120","joser_id":"UQA43020090121858","gosi_id":"58012680","ent_name":"자연녹지지역","lng":"126.8840033","label":"자연녹지지역","code":"UQA430","objectid":28,"lat":"37.5413608"},
{"id":"자연녹지지역_00101","gosi_date":" ","joser_id":" ","gosi_id":" ","ent_name":"자연녹지지역","lng":"127.0636749","label":"자연녹지지역","code":"UQA430","objectid":31,"lat":"37.6274783"},
{"id":"자연녹지지역_00018","gosi_date":" ","joser_id":" ","gosi_id":" ","ent_name":"자연녹지지역","lng":"127.0346401","label":"자연녹지지역","code":"UQA430","objectid":32,"lat":"37.6310267"},
{"id":"자연녹지지역_00032","gosi_date":" ","joser_id":" ","gosi_id":" ","ent_name":"자연녹지지역","lng":"127.0740361","label":"자연녹지지역","code":"UQA430","objectid":33,"lat":"37.6513497"},
{"id":"자연녹지지역_UQA43020091028032","gosi_date":"20091014","joser_id":"UQA43020091028032","gosi_id":"58018769","ent_name":"자연녹지지역","lng":"126.8307806","label":"자연녹지지역","code":"UQA430","objectid":34,"lat":"37.5136607"},
{"id":"자연녹지지역_00048","gosi_date":" ","joser_id":" ","gosi_id":" ","ent_name":"자연녹지지역","lng":"127.0671337","label":"자연녹지지역","code":"UQA430","objectid":35,"lat":"37.6401338"},
{"id":"자연녹지지역_6912","gosi_date":"20000404","joser_id":"38484","gosi_id":"2397","ent_name":"자연녹지지역","lng":"126.9403659","label":"자연녹지지역","code":"UQA430","objectid":36,"lat":"37.5578777"},
{"id":"자연녹지지역_00017","gosi_date":" ","joser_id":" ","gosi_id":" ","ent_name":"자연녹지지역","lng":"127.0781987","label":"자연녹지지역","code":"UQA430","objectid":37,"lat":"37.480962"},
{"id":"자연녹지지역_00019","gosi_date":" ","joser_id":" ","gosi_id":" ","ent_name":"자연녹지지역","lng":"126.9183004","label":"자연녹지지역","code":"UQA430","objectid":38,"lat":"37.4529996"},
{"id":"자연녹지지역_UQA43020130805596","gosi_date":"20121012","joser_id":"UQA43020130805596","gosi_id":"58031539","ent_name":"자연녹지지역","lng":"127.0597837","label":"자연녹지지역","code":"UQA430","objectid":39,"lat":"37.6425678"},
{"id":"자연녹지지역_00042","gosi_date":" ","joser_id":" ","gosi_id":" ","ent_name":"자연녹지지역","lng":"127.0813495","label":"자연녹지지역","code":"UQA430","objectid":40,"lat":"37.6571456"},
{"id":"자연녹지지역_00221","gosi_date":" ","joser_id":" ","gosi_id":" ","ent_name":"자연녹지지역","lng":"126.8279185","label":"자연녹지지역","code":"UQA430","objectid":1,"lat":"37.4806659"},
{"id":"자연녹지지역_00127","gosi_date":" ","joser_id":" ","gosi_id":" ","ent_name":"자연녹지지역","lng":"127.0446714","label":"자연녹지지역","code":"UQA430","objectid":43,"lat":"37.5441356"},
{"id":"자연녹지지역_00033","gosi_date":" ","joser_id":" ","gosi_id":" ","ent_name":"자연녹지지역","lng":"126.8374067","label":"자연녹지지역","code":"UQA430","objectid":45,"lat":"37.5108173"},
{"id":"자연녹지지역_00095","gosi_date":" ","joser_id":" ","gosi_id":" ","ent_name":"자연녹지지역","lng":"127.0767094","label":"자연녹지지역","code":"UQA430","objectid":48,"lat":"37.5941617"},
{"id":"자연녹지지역_7424","gosi_date":"20081230","joser_id":"UQA43020081231814","gosi_id":"58012140","ent_name":"자연녹지지역","lng":"126.8889508","label":"자연녹지지역","code":"UQA430","objectid":2,"lat":"37.5092289"},
{"id":"자연녹지지역_6911","gosi_date":"20000404","joser_id":"38103","gosi_id":"2397","ent_name":"자연녹지지역","lng":"126.9568319","label":"자연녹지지역","code":"UQA430","objectid":4,"lat":"37.5743299"},
{"id":"자연녹지지역_00161","gosi_date":" ","joser_id":" ","gosi_id":" ","ent_name":"자연녹지지역","lng":"127.1002506","label":"자연녹지지역","code":"UQA430","objectid":5,"lat":"37.5549007"},
{"id":"자연녹지지역_6913","gosi_date":"20000404","joser_id":"38487","gosi_id":"2397","ent_name":"자연녹지지역","lng":"126.9238194","label":"자연녹지지역","code":"UQA430","objectid":6,"lat":"37.5708355"},
{"id":"자연녹지지역_00156","gosi_date":" ","joser_id":" ","gosi_id":" ","ent_name":"자연녹지지역","lng":"126.8265797","label":"자연녹지지역","code":"UQA430","objectid":7,"lat":"37.501783"},
{"id":"자연녹지지역_00225","gosi_date":" ","joser_id":" ","gosi_id":" ","ent_name":"자연녹지지역","lng":"126.8773842","label":"자연녹지지역","code":"UQA430","objectid":8,"lat":"37.517354"},
{"id":"자연녹지지역_UQA43020110126698","gosi_date":"20110120","joser_id":"UQA43020110126698","gosi_id":"58026372","ent_name":"자연녹지지역","lng":"126.8154795","label":"자연녹지지역","code":"UQA430","objectid":10,"lat":"37.5784437"},
{"id":"자연녹지지역_00082","gosi_date":" ","joser_id":" ","gosi_id":" ","ent_name":"자연녹지지역","lng":"127.0524548","label":"자연녹지지역","code":"UQA430","objectid":12,"lat":"37.687367"},
{"id":"자연녹지지역_00124","gosi_date":" ","joser_id":" ","gosi_id":" ","ent_name":"자연녹지지역","lng":"126.9316859","label":"자연녹지지역","code":"UQA430","objectid":13,"lat":"37.4672808"},
{"id":"자연녹지지역_00206","gosi_date":" ","joser_id":" ","gosi_id":" ","ent_name":"자연녹지지역","lng":"127.0664029","label":"자연녹지지역","code":"UQA430","objectid":16,"lat":"37.6486967"},
{"id":"자연녹지지역_7422","gosi_date":"19990225","joser_id":"36941","gosi_id":"2234","ent_name":"자연녹지지역","lng":"126.9226751","label":"자연녹지지역","code":"UQA430","objectid":18,"lat":"37.5259586"},
{"id":"자연녹지지역_7309","gosi_date":"19961210","joser_id":"31858","gosi_id":"1842","ent_name":"자연녹지지역","lng":"126.8848493","label":"자연녹지지역","code":"UQA430","objectid":101,"lat":"37.5413882"},
{"id":"자연녹지지역_00146","gosi_date":" ","joser_id":" ","gosi_id":" ","ent_name":"자연녹지지역","lng":"127.0657607","label":"자연녹지지역","code":"UQA430","objectid":102,"lat":"37.6397307"},
{"id":"자연녹지지역_00151","gosi_date":" ","joser_id":" ","gosi_id":" ","ent_name":"자연녹지지역","lng":"127.0067567","label":"자연녹지지역","code":"UQA430","objectid":103,"lat":"37.4689091"},
{"id":"자연녹지지역_00046","gosi_date":" ","joser_id":" ","gosi_id":" ","ent_name":"자연녹지지역","lng":"127.0506027","label":"자연녹지지역","code":"UQA430","objectid":104,"lat":"37.6690165"},
{"id":"자연녹지지역_00179","gosi_date":" ","joser_id":" ","gosi_id":" ","ent_name":"자연녹지지역","lng":"127.0807395","label":"자연녹지지역","code":"UQA430","objectid":105,"lat":"37.6186913"},
{"id":"생산녹지지역_5635","gosi_date":" ","joser_id":" ","gosi_id":" ","ent_name":"생산녹지지역","lng":"126.8173203","label":"생산녹지지역","code":"UQA420","objectid":106,"lat":"37.5528834"},
{"id":"자연녹지지역_00039","gosi_date":" ","joser_id":" ","gosi_id":" ","ent_name":"자연녹지지역","lng":"126.8499988","label":"자연녹지지역","code":"UQA430","objectid":107,"lat":"37.558598"},
{"id":"자연녹지지역_00008","gosi_date":" ","joser_id":" ","gosi_id":" ","ent_name":"자연녹지지역","lng":"127.0372712","label":"자연녹지지역","code":"UQA430","objectid":108,"lat":"37.6780257"},
{"id":"자연녹지지역_UQA43020091213001","gosi_date":"20070406","joser_id":"UQA43020091213001","gosi_id":"58015850","ent_name":"자연녹지지역","lng":"127.0986114","label":"자연녹지지역","code":"UQA430","objectid":110,"lat":"37.6139179"},
{"id":"자연녹지지역_00066","gosi_date":" ","joser_id":" ","gosi_id":" ","ent_name":"자연녹지지역","lng":"127.0297592","label":"자연녹지지역","code":"UQA430","objectid":112,"lat":"37.6789855"},
{"id":"자연녹지지역_00220","gosi_date":" ","joser_id":" ","gosi_id":" ","ent_name":"자연녹지지역","lng":"126.9809372","label":"자연녹지지역","code":"UQA430","objectid":113,"lat":"37.5223001"},
{"id":"자연녹지지역_00070","gosi_date":" ","joser_id":" ","gosi_id":" ","ent_name":"자연녹지지역","lng":"126.9739121","label":"자연녹지지역","code":"UQA430","objectid":114,"lat":"37.6029629"},
{"id":"자연녹지지역_00153","gosi_date":" ","joser_id":" ","gosi_id":" ","ent_name":"자연녹지지역","lng":"126.9176622","label":"자연녹지지역","code":"UQA430","objectid":115,"lat":"37.4509945"},
{"id":"자연녹지지역_7305","gosi_date":"19961210","joser_id":"31987","gosi_id":"1842","ent_name":"자연녹지지역","lng":"126.8793046","label":"자연녹지지역","code":"UQA430","objectid":116,"lat":"37.5464825"},
{"id":"보전녹지지역_5625","gosi_date":"19960610","joser_id":"32453","gosi_id":"1777","ent_name":"보전녹지지역","lng":"126.9942961","label":"보전녹지지역","code":"UQA410","objectid":81,"lat":"37.5425533"},
{"id":"자연녹지지역_00044","gosi_date":" ","joser_id":" ","gosi_id":" ","ent_name":"자연녹지지역","lng":"127.0793598","label":"자연녹지지역","code":"UQA430","objectid":124,"lat":"37.4957372"},
{"id":"자연녹지지역_00091","gosi_date":" ","joser_id":" ","gosi_id":" ","ent_name":"자연녹지지역","lng":"126.9490213","label":"자연녹지지역","code":"UQA430","objectid":82,"lat":"37.5952106"},
{"id":"자연녹지지역_UQA43020100413284","gosi_date":"20091228","joser_id":"UQA43020100413284","gosi_id":"58021551","ent_name":"자연녹지지역","lng":"126.8805759","label":"자연녹지지역","code":"UQA430","objectid":119,"lat":"37.5847916"},
{"id":"자연녹지지역_00050","gosi_date":" ","joser_id":" ","gosi_id":" ","ent_name":"자연녹지지역","lng":"126.8281927","label":"자연녹지지역","code":"UQA430","objectid":120,"lat":"37.5154686"},
{"id":"자연녹지지역_00209","gosi_date":" ","joser_id":" ","gosi_id":" ","ent_name":"자연녹지지역","lng":"127.0610544","label":"자연녹지지역","code":"UQA430","objectid":125,"lat":"37.6668527"},
{"id":"자연녹지지역_UQA43020091217002","gosi_date":"20071212","joser_id":"UQA43020091217002","gosi_id":"58019671","ent_name":"자연녹지지역","lng":"127.1041892","label":"자연녹지지역","code":"UQA430","objectid":89,"lat":"37.462425"},
{"id":"자연녹지지역_00217","gosi_date":" ","joser_id":" ","gosi_id":" ","ent_name":"자연녹지지역","lng":"126.8933928","label":"자연녹지지역","code":"UQA430","objectid":94,"lat":"37.5051192"},
{"id":"자연녹지지역_00107","gosi_date":" ","joser_id":" ","gosi_id":" ","ent_name":"자연녹지지역","lng":"127.0746185","label":"자연녹지지역","code":"UQA430","objectid":109,"lat":"37.5664479"},
{"id":"자연녹지지역_00007","gosi_date":" ","joser_id":" ","gosi_id":" ","ent_name":"자연녹지지역","lng":"126.8461991","label":"자연녹지지역","code":"UQA430","objectid":111,"lat":"37.4836908"},
{"id":"자연녹지지역_00120","gosi_date":" ","joser_id":" ","gosi_id":" ","ent_name":"자연녹지지역","lng":"126.915606","label":"자연녹지지역","code":"UQA430","objectid":117,"lat":"37.4492312"},
{"id":"자연녹지지역_6885","gosi_date":"19970219","joser_id":"44313","gosi_id":"4279","ent_name":"자연녹지지역","lng":"127.1000719","label":"자연녹지지역","code":"UQA430","objectid":118,"lat":"37.5487464"},
{"id":"자연녹지지역_00114","gosi_date":" ","joser_id":" ","gosi_id":" ","ent_name":"자연녹지지역","lng":"127.0444965","label":"자연녹지지역","code":"UQA430","objectid":69,"lat":"37.5444198"},
{"id":"자연녹지지역_00109","gosi_date":" ","joser_id":" ","gosi_id":" ","ent_name":"자연녹지지역","lng":"127.073611","label":"자연녹지지역","code":"UQA430","objectid":70,"lat":"37.6448394"},
{"id":"자연녹지지역_00162","gosi_date":" ","joser_id":" ","gosi_id":" ","ent_name":"자연녹지지역","lng":"126.8700948","label":"자연녹지지역","code":"UQA430","objectid":74,"lat":"37.4977073"},
{"id":"자연녹지지역_00177","gosi_date":" ","joser_id":" ","gosi_id":" ","ent_name":"자연녹지지역","lng":"127.1181313","label":"자연녹지지역","code":"UQA430","objectid":76,"lat":"37.4824793"},
{"id":"자연녹지지역_00009","gosi_date":" ","joser_id":" ","gosi_id":" ","ent_name":"자연녹지지역","lng":"126.8802973","label":"자연녹지지역","code":"UQA430","objectid":80,"lat":"37.5286323"},
{"id":"자연녹지지역_00199","gosi_date":" ","joser_id":" ","gosi_id":" ","ent_name":"자연녹지지역","lng":"126.839886","label":"자연녹지지역","code":"UQA430","objectid":41,"lat":"37.4854532"},
{"id":"자연녹지지역_00011","gosi_date":" ","joser_id":" ","gosi_id":" ","ent_name":"자연녹지지역","lng":"127.0807373","label":"자연녹지지역","code":"UQA430","objectid":42,"lat":"37.6666837"},
{"id":"생산녹지지역_5629","gosi_date":" ","joser_id":" ","gosi_id":" ","ent_name":"생산녹지지역","lng":"126.8092914","label":"생산녹지지역","code":"UQA420","objectid":44,"lat":"37.5538018"},
{"id":"자연녹지지역_7307","gosi_date":"19961210","joser_id":"32316","gosi_id":"1842","ent_name":"자연녹지지역","lng":"126.8876826","label":"자연녹지지역","code":"UQA430","objectid":46,"lat":"37.534674"},
{"id":"자연녹지지역_7365","gosi_date":"20081230","joser_id":"UQA43020081231815","gosi_id":"58012140","ent_name":"자연녹지지역","lng":"126.9108556","label":"자연녹지지역","code":"UQA430","objectid":47,"lat":"37.5151152"},
{"id":"생산녹지지역_5638","gosi_date":" ","joser_id":" ","gosi_id":" ","ent_name":"생산녹지지역","lng":"127.115863","label":"생산녹지지역","code":"UQA420","objectid":50,"lat":"37.4836035"},
{"id":"자연녹지지역_00098","gosi_date":" ","joser_id":" ","gosi_id":" ","ent_name":"자연녹지지역","lng":"127.088182","label":"자연녹지지역","code":"UQA430","objectid":52,"lat":"37.6232162"},
{"id":"자연녹지지역_00100","gosi_date":" ","joser_id":" ","gosi_id":" ","ent_name":"자연녹지지역","lng":"127.0381044","label":"자연녹지지역","code":"UQA430","objectid":53,"lat":"37.6293226"},
{"id":"자연녹지지역_UQA43020130624533","gosi_date":"20130307","joser_id":"UQA43020130624533","gosi_id":"58031379","ent_name":"자연녹지지역","lng":"127.0546176","label":"자연녹지지역","code":"UQA430","objectid":54,"lat":"37.6786751"},
{"id":"자연녹지지역_UQA43020091217004","gosi_date":"20060117","joser_id":"UQA43020091217004","gosi_id":"7879","ent_name":"자연녹지지역","lng":"127.1617792","label":"자연녹지지역","code":"UQA430","objectid":56,"lat":"37.5514859"},
{"id":"자연녹지지역_00077","gosi_date":" ","joser_id":" ","gosi_id":" ","ent_name":"자연녹지지역","lng":"127.1004366","label":"자연녹지지역","code":"UQA430","objectid":71,"lat":"37.5174395"},
{"id":"자연녹지지역_00159","gosi_date":" ","joser_id":" ","gosi_id":" ","ent_name":"자연녹지지역","lng":"127.0878917","label":"자연녹지지역","code":"UQA430","objectid":72,"lat":"37.6091732"},
{"id":"자연녹지지역_00171","gosi_date":" ","joser_id":" ","gosi_id":" ","ent_name":"자연녹지지역","lng":"127.1065904","label":"자연녹지지역","code":"UQA430","objectid":73,"lat":"37.5477277"},
{"id":"자연녹지지역_7306","gosi_date":"19961210","joser_id":"31986","gosi_id":"1842","ent_name":"자연녹지지역","lng":"126.8770514","label":"자연녹지지역","code":"UQA430","objectid":75,"lat":"37.5421804"},
{"id":"자연녹지지역_UQA43020091201001","gosi_date":"20041215","joser_id":"UQA43020091201001","gosi_id":"11501130","ent_name":"자연녹지지역","lng":"127.0366765","label":"자연녹지지역","code":"UQA430","objectid":77,"lat":"37.467644"},
{"id":"자연녹지지역_00185","gosi_date":" ","joser_id":" ","gosi_id":" ","ent_name":"자연녹지지역","lng":"127.0706137","label":"자연녹지지역","code":"UQA430","objectid":78,"lat":"37.5964287"},
{"id":"자연녹지지역_00180","gosi_date":" ","joser_id":" ","gosi_id":" ","ent_name":"자연녹지지역","lng":"126.9940706","label":"자연녹지지역","code":"UQA430","objectid":79,"lat":"37.5747545"},
{"id":"자연녹지지역_00215","gosi_date":" ","joser_id":" ","gosi_id":" ","ent_name":"자연녹지지역","lng":"127.0842568","label":"자연녹지지역","code":"UQA430","objectid":83,"lat":"37.4857198"},
{"id":"자연녹지지역_00188","gosi_date":" ","joser_id":" ","gosi_id":" ","ent_name":"자연녹지지역","lng":"126.9992255","label":"자연녹지지역","code":"UQA430","objectid":84,"lat":"37.6535693"},
{"id":"자연녹지지역_00190","gosi_date":" ","joser_id":" ","gosi_id":" ","ent_name":"자연녹지지역","lng":"127.0623328","label":"자연녹지지역","code":"UQA430","objectid":85,"lat":"37.6251243"},
{"id":"자연녹지지역_140062","gosi_date":" ","joser_id":" ","gosi_id":" ","ent_name":"자연녹지지역","lng":"126.888978","label":"자연녹지지역","code":"UQA430","objectid":86,"lat":"37.5735809"},
{"id":"자연녹지지역_00219","gosi_date":" ","joser_id":" ","gosi_id":" ","ent_name":"자연녹지지역","lng":"127.1725884","label":"자연녹지지역","code":"UQA430","objectid":87,"lat":"37.5525338"},
{"id":"자연녹지지역_00022","gosi_date":" ","joser_id":" ","gosi_id":" ","ent_name":"자연녹지지역","lng":"126.8384044","label":"자연녹지지역","code":"UQA430","objectid":88,"lat":"37.4871448"},
{"id":"자연녹지지역_00105","gosi_date":" ","joser_id":" ","gosi_id":" ","ent_name":"자연녹지지역","lng":"127.0646492","label":"자연녹지지역","code":"UQA430","objectid":90,"lat":"37.6507951"},
{"id":"자연녹지지역_00163","gosi_date":" ","joser_id":" ","gosi_id":" ","ent_name":"자연녹지지역","lng":"127.056734","label":"자연녹지지역","code":"UQA430","objectid":91,"lat":"37.5129541"},
{"id":"247","gosi_date":"20100107","joser_id":"UQA43020100115060","gosi_id":"58020351","ent_name":"자연녹지지역","lng":"127.1100971","label":"자연녹지지역","code":"UQA430","objectid":92,"lat":"37.6156565"},
{"id":"자연녹지지역_00013","gosi_date":" ","joser_id":" ","gosi_id":" ","ent_name":"자연녹지지역","lng":"126.841121","label":"자연녹지지역","code":"UQA430","objectid":93,"lat":"37.4839448"},
{"id":"자연녹지지역_00198","gosi_date":" ","joser_id":" ","gosi_id":" ","ent_name":"자연녹지지역","lng":"127.0652854","label":"자연녹지지역","code":"UQA430","objectid":95,"lat":"37.4518837"},
{"id":"자연녹지지역_00178","gosi_date":" ","joser_id":" ","gosi_id":" ","ent_name":"자연녹지지역","lng":"127.068281","label":"자연녹지지역","code":"UQA430","objectid":96,"lat":"37.5313005"},
{"id":"자연녹지지역_UQA43020111020350","gosi_date":"20110909","joser_id":"UQA43020111020350","gosi_id":"58027907","ent_name":"자연녹지지역","lng":"127.0967479","label":"자연녹지지역","code":"UQA430","objectid":97,"lat":"37.4704391"},
{"id":"자연녹지지역_00035","gosi_date":" ","joser_id":" ","gosi_id":" ","ent_name":"자연녹지지역","lng":"126.892864","label":"자연녹지지역","code":"UQA430","objectid":98,"lat":"37.5027648"},
{"id":"자연녹지지역_UQA43020141202549","gosi_date":"20140501","joser_id":"UQA43020141202549","gosi_id":"58034003","ent_name":"자연녹지지역","lng":"127.038129","label":"자역녹지지역","code":"UQA430","objectid":99,"lat":"37.5525386"},
{"id":"자연녹지지역_00094","gosi_date":" ","joser_id":" ","gosi_id":" ","ent_name":"자연녹지지역","lng":"126.9659968","label":"자연녹지지역","code":"UQA430","objectid":100,"lat":"37.5773473"},
{"id":"자연녹지지역_UQA43020100511337","gosi_date":"20100427","joser_id":"UQA43020100511337","gosi_id":"58022211","ent_name":"자연녹지지역","lng":"127.1031439","label":"자연녹지지역","code":"UQA430","objectid":182,"lat":"37.4774236"},
{"id":"자연녹지지역_00174","gosi_date":" ","joser_id":" ","gosi_id":" ","ent_name":"자연녹지지역","lng":"126.9982886","label":"자연녹지지역","code":"UQA430","objectid":184,"lat":"37.5148549"},
{"id":"자연녹지지역_UQA43020120418727","gosi_date":"20120126","joser_id":"UQA43020120418727","gosi_id":"58028856","ent_name":"자연녹지지역","lng":"127.1322799","label":"자연녹지지역","code":"UQA430","objectid":185,"lat":"37.4823882"},
{"id":"자연녹지지역_00210","gosi_date":" ","joser_id":" ","gosi_id":" ","ent_name":"자연녹지지역","lng":"127.142599","label":"자연녹지지역","code":"UQA430","objectid":130,"lat":"37.5169823"},
{"id":"자연녹지지역_00099","gosi_date":" ","joser_id":" ","gosi_id":" ","ent_name":"자연녹지지역","lng":"127.0437803","label":"자연녹지지역","code":"UQA430","objectid":133,"lat":"37.6287492"},
{"id":"자연녹지지역_00015","gosi_date":" ","joser_id":" ","gosi_id":" ","ent_name":"자연녹지지역","lng":"127.1313105","label":"자연녹지지역","code":"UQA430","objectid":134,"lat":"37.4848246"},
{"id":"자연녹지지역_00131","gosi_date":" ","joser_id":" ","gosi_id":" ","ent_name":"자연녹지지역","lng":"127.0813157","label":"자연녹지지역","code":"UQA430","objectid":135,"lat":"37.6514569"},
{"id":"자연녹지지역_00016","gosi_date":" ","joser_id":" ","gosi_id":" ","ent_name":"자연녹지지역","lng":"126.801328","label":"자연녹지지역","code":"UQA430","objectid":136,"lat":"37.5534898"},
{"id":"자연녹지지역_UQA43020110124672","gosi_date":"20101115","joser_id":"UQA43020110124672","gosi_id":"58026336","ent_name":"자연녹지지역","lng":"126.8212525","label":"자연녹지지역","code":"UQA430","objectid":137,"lat":"37.4789433"},
{"id":"자연녹지지역_00169","gosi_date":" ","joser_id":" ","gosi_id":" ","ent_name":"자연녹지지역","lng":"126.8420601","label":"자연녹지지역","code":"UQA430","objectid":138,"lat":"37.5598137"},
{"id":"자연녹지지역_00128","gosi_date":" ","joser_id":" ","gosi_id":" ","ent_name":"자연녹지지역","lng":"127.0760732","label":"자연녹지지역","code":"UQA430","objectid":139,"lat":"37.6579077"},
{"id":"자연녹지지역_00150","gosi_date":" ","joser_id":" ","gosi_id":" ","ent_name":"자연녹지지역","lng":"126.9378609","label":"자연녹지지역","code":"UQA430","objectid":141,"lat":"37.6047189"},
{"id":"자연녹지지역_00167","gosi_date":" ","joser_id":" ","gosi_id":" ","ent_name":"자연녹지지역","lng":"127.0581709","label":"자연녹지지역","code":"UQA430","objectid":142,"lat":"37.6492736"},
{"id":"자연녹지지역_00040","gosi_date":" ","joser_id":" ","gosi_id":" ","ent_name":"자연녹지지역","lng":"127.0426931","label":"자연녹지지역","code":"UQA430","objectid":143,"lat":"37.6324086"},
{"id":"자연녹지지역_00061","gosi_date":" ","joser_id":" ","gosi_id":" ","ent_name":"자연녹지지역","lng":"127.085305","label":"자연녹지지역","code":"UQA430","objectid":145,"lat":"37.4858667"},
{"id":"생산녹지지역_5637","gosi_date":" ","joser_id":" ","gosi_id":" ","ent_name":"생산녹지지역","lng":"126.8622652","label":"생산녹지지역","code":"UQA420","objectid":146,"lat":"37.5072523"},
{"id":"자연녹지지역_UQA43020091202003","gosi_date":"20070531","joser_id":"UQA43020091202003","gosi_id":"58018349","ent_name":"자연녹지지역","lng":"126.8266852","label":"자연녹지지역","code":"UQA430","objectid":147,"lat":"37.5513258"},
{"id":"자연녹지지역_00137","gosi_date":" ","joser_id":" ","gosi_id":" ","ent_name":"자연녹지지역","lng":"127.0543023","label":"자연녹지지역","code":"UQA430","objectid":148,"lat":"37.665779"},
{"id":"자연녹지지역_UQA43020091217001","gosi_date":"20090106","joser_id":"UQA43020091217001","gosi_id":"58019829","ent_name":"자연녹지지역","lng":"127.0240144","label":"자연녹지지역","code":"UQA430","objectid":150,"lat":"37.4626143"},
{"id":"자연녹지지역_00204","gosi_date":" ","joser_id":" ","gosi_id":" ","ent_name":"자연녹지지역","lng":"127.0388207","label":"자연녹지지역","code":"UQA430","objectid":152,"lat":"37.6288717"},
{"id":"자연녹지지역_7119","gosi_date":"20040216","joser_id":"110623","gosi_id":"14000242","ent_name":"자연녹지지역","lng":"127.0836362","label":"자연녹지지역","code":"UQA430","objectid":153,"lat":"37.6525849"},
{"id":"자연녹지지역_00076","gosi_date":" ","joser_id":" ","gosi_id":" ","ent_name":"자연녹지지역","lng":"127.0971455","label":"자연녹지지역","code":"UQA430","objectid":154,"lat":"37.486763"},
{"id":"자연녹지지역_00130","gosi_date":" ","joser_id":" ","gosi_id":" ","ent_name":"자연녹지지역","lng":"127.1136452","label":"자연녹지지역","code":"UQA430","objectid":155,"lat":"37.4906427"},
{"id":"자연녹지지역_00020","gosi_date":" ","joser_id":" ","gosi_id":" ","ent_name":"자연녹지지역","lng":"127.0711861","label":"자연녹지지역","code":"UQA430","objectid":157,"lat":"37.6488425"},
{"id":"자연녹지지역_00075","gosi_date":" ","joser_id":" ","gosi_id":" ","ent_name":"자연녹지지역","lng":"127.0503092","label":"자연녹지지역","code":"UQA430","objectid":158,"lat":"37.6820541"},
{"id":"자연녹지지역_00085","gosi_date":" ","joser_id":" ","gosi_id":" ","ent_name":"자연녹지지역","lng":"126.8298971","label":"자연녹지지역","code":"UQA430","objectid":160,"lat":"37.5531243"},
{"id":"자연녹지지역_00222","gosi_date":" ","joser_id":" ","gosi_id":" ","ent_name":"자연녹지지역","lng":"126.893798","label":"자연녹지지역","code":"UQA430","objectid":121,"lat":"37.5711356"},
{"id":"자연녹지지역_00024","gosi_date":" ","joser_id":" ","gosi_id":" ","ent_name":"자연녹지지역","lng":"127.1395519","label":"자연녹지지역","code":"UQA430","objectid":122,"lat":"37.5089878"},
{"id":"자연녹지지역_00118","gosi_date":" ","joser_id":" ","gosi_id":" ","ent_name":"자연녹지지역","lng":"126.8845436","label":"자연녹지지역","code":"UQA430","objectid":123,"lat":"37.536314"},
{"id":"생산녹지지역_5634","gosi_date":" ","joser_id":" ","gosi_id":" ","ent_name":"생산녹지지역","lng":"126.8201106","label":"생산녹지지역","code":"UQA420","objectid":126,"lat":"37.5550003"},
{"id":"자연녹지지역_00056","gosi_date":" ","joser_id":" ","gosi_id":" ","ent_name":"자연녹지지역","lng":"126.9905985","label":"자연녹지지역","code":"UQA430","objectid":127,"lat":"37.5925105"},
{"id":"자연녹지지역_00003","gosi_date":" ","joser_id":" ","gosi_id":" ","ent_name":"자연녹지지역","lng":"127.0369915","label":"자연녹지지역","code":"UQA430","objectid":162,"lat":"37.6794602"},
{"id":"자연녹지지역_00176","gosi_date":" ","joser_id":" ","gosi_id":" ","ent_name":"자연녹지지역","lng":"127.1532599","label":"자연녹지지역","code":"UQA430","objectid":128,"lat":"37.5015948"},
{"id":"자연녹지지역_00102","gosi_date":" ","joser_id":" ","gosi_id":" ","ent_name":"자연녹지지역","lng":"126.8798928","label":"자연녹지지역","code":"UQA430","objectid":129,"lat":"37.5793258"},
{"id":"자연녹지지역_00112","gosi_date":" ","joser_id":" ","gosi_id":" ","ent_name":"자연녹지지역","lng":"126.8865505","label":"자연녹지지역","code":"UQA430","objectid":131,"lat":"37.4615203"},
{"id":"자연녹지지역_00218","gosi_date":" ","joser_id":" ","gosi_id":" ","ent_name":"자연녹지지역","lng":"127.0402613","label":"자연녹지지역","code":"UQA430","objectid":132,"lat":"37.6332823"},
{"id":"자연녹지지역_00034","gosi_date":" ","joser_id":" ","gosi_id":" ","ent_name":"자연녹지지역","lng":"127.0446925","label":"자연녹지지역","code":"UQA430","objectid":140,"lat":"37.5458969"},
{"id":"자연녹지지역_UQA43020111025354","gosi_date":"20110825","joser_id":"UQA43020111025354","gosi_id":"58027909","ent_name":"자연녹지지역","lng":"127.0453303","label":"자연녹지지역","code":"UQA430","objectid":144,"lat":"37.6197274"},
{"id":"자연녹지지역_00055","gosi_date":" ","joser_id":" ","gosi_id":" ","ent_name":"자연녹지지역","lng":"126.9402181","label":"자연녹지지역","code":"UQA430","objectid":149,"lat":"37.6284167"},
{"id":"자연녹지지역_00125","gosi_date":" ","joser_id":" ","gosi_id":" ","ent_name":"자연녹지지역","lng":"127.096679","label":"자연녹지지역","code":"UQA430","objectid":151,"lat":"37.5328655"},
{"id":"자연녹지지역_7243","gosi_date":"20011016","joser_id":"102400","gosi_id":"11500161","ent_name":"자연녹지지역","lng":"127.0556514","label":"자연녹지지역","code":"UQA430","objectid":156,"lat":"37.5532649"},
{"id":"자연녹지지역_7245","gosi_date":"20080731","joser_id":"UQA43020091201003","gosi_id":"58011589","ent_name":"자연녹지지역","lng":"127.0402795","label":"자연녹지지역","code":"UQA430","objectid":159,"lat":"37.5541711"},
{"id":"자연녹지지역_00001","gosi_date":" ","joser_id":" ","gosi_id":" ","ent_name":"자연녹지지역","lng":"126.8405053","label":"자연녹지지역","code":"UQA430","objectid":164,"lat":"37.5129744"},
{"id":"자연녹지지역_00080","gosi_date":" ","joser_id":" ","gosi_id":" ","ent_name":"자연녹지지역","lng":"127.0786275","label":"자연녹지지역","code":"UQA430","objectid":165,"lat":"37.4956003"},
{"id":"자연녹지지역_00183","gosi_date":" ","joser_id":" ","gosi_id":" ","ent_name":"자연녹지지역","lng":"127.0867368","label":"자연녹지지역","code":"UQA430","objectid":167,"lat":"37.4741093"},
{"id":"자연녹지지역_7302","gosi_date":"19970127","joser_id":"44367","gosi_id":"1879","ent_name":"자연녹지지역","lng":"126.8679136","label":"자연녹지지역","code":"UQA430","objectid":171,"lat":"37.5432638"},
{"id":"자연녹지지역_00175","gosi_date":" ","joser_id":" ","gosi_id":" ","ent_name":"자연녹지지역","lng":"126.9187072","label":"자연녹지지역","code":"UQA430","objectid":172,"lat":"37.4539431"},
{"id":"자연녹지지역_00133","gosi_date":" ","joser_id":" ","gosi_id":" ","ent_name":"자연녹지지역","lng":"127.0875776","label":"자연녹지지역","code":"UQA430","objectid":173,"lat":"37.4856629"},
{"id":"자연녹지지역_7362","gosi_date":"19960311","joser_id":"33218","gosi_id":"1863","ent_name":"자연녹지지역","lng":"126.976737","label":"자연녹지지역","code":"UQA430","objectid":175,"lat":"37.5771895"},
{"id":"자연녹지지역_00078","gosi_date":" ","joser_id":" ","gosi_id":" ","ent_name":"자연녹지지역","lng":"127.045062","label":"자연녹지지역","code":"UQA430","objectid":177,"lat":"37.5448444"},
{"id":"자연녹지지역_00121","gosi_date":" ","joser_id":" ","gosi_id":" ","ent_name":"자연녹지지역","lng":"127.0446023","label":"자연녹지지역","code":"UQA430","objectid":179,"lat":"37.628157"},
{"id":"자연녹지지역_00065","gosi_date":" ","joser_id":" ","gosi_id":" ","ent_name":"자연녹지지역","lng":"127.0739366","label":"자연녹지지역","code":"UQA430","objectid":181,"lat":"37.6412087"},
{"id":"자연녹지지역_00138","gosi_date":" ","joser_id":"UQA43020100623440","gosi_id":"58011021","ent_name":"용도지역","lng":"127.0448984","label":"자연녹지지역","code":"UQA430","objectid":187,"lat":"37.6191554"},
{"id":"자연녹지지역_UQA43020140213015","gosi_date":"20130328","joser_id":"UQA43020140213015","gosi_id":"58032531","ent_name":"자연녹지지역","lng":"127.0845753","label":"자연녹지지역","code":"UQA430","objectid":191,"lat":"37.6268588"},
{"id":"자연녹지지역_UQA43020121113189","gosi_date":"20121011","joser_id":"UQA43020121113189","gosi_id":"58030081","ent_name":"자연녹지지역","lng":"126.9331935","label":"자연녹지지역","code":"UQA430","objectid":192,"lat":"37.4602093"},
{"id":"자연녹지지역_UQA43020130603455","gosi_date":"20120726","joser_id":"UQA43020130603455","gosi_id":"58031262","ent_name":"자연녹지지역","lng":"126.972257","label":"자연녹지지역","code":"UQA430","objectid":193,"lat":"37.5052683"},
{"id":"자연녹지지역_00062","gosi_date":" ","joser_id":" ","gosi_id":" ","ent_name":"자연녹지지역","lng":"127.0046975","label":"자연녹지지역","code":"UQA430","objectid":195,"lat":"37.6122898"},
{"id":"자연녹지지역_00123","gosi_date":" ","joser_id":" ","gosi_id":" ","ent_name":"자연녹지지역","lng":"126.873306","label":"자연녹지지역","code":"UQA430","objectid":196,"lat":"37.5280059"},
{"id":"자연녹지지역_00069","gosi_date":" ","joser_id":" ","gosi_id":" ","ent_name":"자연녹지지역","lng":"126.8786339","label":"자연녹지지역","code":"UQA430","objectid":197,"lat":"37.579145"},
{"id":"생산녹지지역_5633","gosi_date":" ","joser_id":" ","gosi_id":" ","ent_name":"생산녹지지역","lng":"126.8349398","label":"생산녹지지역","code":"UQA420","objectid":198,"lat":"37.5549369"},
{"id":"자연녹지지역_UQA43020100507317","gosi_date":"20100427","joser_id":"UQA43020100507317","gosi_id":"58022151","ent_name":"자연녹지지역","lng":"127.0579884","label":"자연녹지지역","code":"UQA430","objectid":199,"lat":"37.4511265"},
{"id":"자연녹지지역_00116","gosi_date":" ","joser_id":" ","gosi_id":" ","ent_name":"자연녹지지역","lng":"126.8682491","label":"자연녹지지역","code":"UQA430","objectid":161,"lat":"37.5179847"},
{"id":"자연녹지지역_UQA43020100528395","gosi_date":"20100511","joser_id":"UQA43020100528395","gosi_id":"58022588","ent_name":"자연녹지지역","lng":"127.1579562","label":"자연녹지지역","code":"UQA430","objectid":163,"lat":"37.4963504"},
{"id":"자연녹지지역_00047","gosi_date":" ","joser_id":" ","gosi_id":" ","ent_name":"자연녹지지역","lng":"127.0409546","label":"자연녹지지역","code":"UQA430","objectid":201,"lat":"37.6429723"},
{"id":"자연녹지지역_7160","gosi_date":"20081230","joser_id":"UQA43020090122873","gosi_id":"58012700","ent_name":"자연녹지지역","lng":"127.0478676","label":"자연녹지지역","code":"UQA430","objectid":166,"lat":"37.6801441"},
{"id":"자연녹지지역_00195","gosi_date":" ","joser_id":" ","gosi_id":" ","ent_name":"자연녹지지역","lng":"126.9924294","label":"자연녹지지역","code":"UQA430","objectid":168,"lat":"37.5933016"},
{"id":"자연녹지지역_00079","gosi_date":" ","joser_id":" ","gosi_id":" ","ent_name":"자연녹지지역","lng":"127.0708052","label":"자연녹지지역","code":"UQA430","objectid":169,"lat":"37.6113459"},
{"id":"자연녹지지역_UQA43020100310165","gosi_date":"20100128","joser_id":"UQA43020100310165","gosi_id":"58020813","ent_name":"자연녹지지역","lng":"126.8882384","label":"자연녹지지역","code":"UQA430","objectid":170,"lat":"37.4806784"},
{"id":"자연녹지지역_00135","gosi_date":" ","joser_id":" ","gosi_id":" ","ent_name":"자연녹지지역","lng":"127.0363442","label":"자연녹지지역","code":"UQA430","objectid":174,"lat":"37.6335361"},
{"id":"자연녹지지역_00122","gosi_date":" ","joser_id":" ","gosi_id":" ","ent_name":"자연녹지지역","lng":"126.8350039","label":"자연녹지지역","code":"UQA430","objectid":176,"lat":"37.5148199"},
{"id":"자연녹지지역_00196","gosi_date":" ","joser_id":" ","gosi_id":" ","ent_name":"자연녹지지역","lng":"126.9653308","label":"자연녹지지역","code":"UQA430","objectid":178,"lat":"37.5078865"},
{"id":"자연녹지지역_6914","gosi_date":"20000404","joser_id":"38481","gosi_id":"2397","ent_name":"자연녹지지역","lng":"126.952413","label":"자연녹지지역","code":"UQA430","objectid":180,"lat":"37.5939287"},
{"id":"자연녹지지역_00108","gosi_date":" ","joser_id":" ","gosi_id":" ","ent_name":"자연녹지지역","lng":"127.0759505","label":"자연녹지지역","code":"UQA430","objectid":183,"lat":"37.5657581"},
{"id":"자연녹지지역_00005","gosi_date":" ","joser_id":" ","gosi_id":" ","ent_name":"자연녹지지역","lng":"126.840548","label":"자연녹지지역","code":"UQA430","objectid":218,"lat":"37.5093947"},
{"id":"자연녹지지역_00097","gosi_date":" ","joser_id":" ","gosi_id":" ","ent_name":"자연녹지지역","lng":"126.8272228","label":"자연녹지지역","code":"UQA430","objectid":220,"lat":"37.5360177"},
{"id":"자연녹지지역_UQA43020091217004","gosi_date":"20060117","joser_id":"UQA43020091217004","gosi_id":"7879","ent_name":"자연녹지지역","lng":"127.1596928","label":"자연녹지지역","code":"UQA430","objectid":221,"lat":"37.554795"},
{"id":"자연녹지지역_00103","gosi_date":" ","joser_id":" ","gosi_id":" ","ent_name":"자연녹지지역","lng":"126.8872675","label":"자연녹지지역","code":"UQA430","objectid":227,"lat":"37.5111719"},
{"id":"자연녹지지역_00140","gosi_date":" ","joser_id":" ","gosi_id":" ","ent_name":"자연녹지지역","lng":"127.0032688","label":"자연녹지지역","code":"UQA430","objectid":228,"lat":"37.6165311"},
{"id":"자연녹지지역_00143_123456","gosi_date":" ","joser_id":" ","gosi_id":" ","ent_name":"자연녹지지역","lng":"126.8546024","label":"자연녹지지역","code":"UQA430","objectid":233,"lat":"37.5673886"},
{"id":"자연녹지지역_00158","gosi_date":" ","joser_id":" ","gosi_id":" ","ent_name":"자연녹지지역","lng":"126.8556424","label":"자연녹지지역","code":"UQA430","objectid":268,"lat":"37.5121927"},
{"id":"자연녹지지역_00111","gosi_date":" ","joser_id":" ","gosi_id":" ","ent_name":"자연녹지지역","lng":"127.0364798","label":"자연녹지지역","code":"UQA430","objectid":269,"lat":"37.6787885"},
{"id":"자연녹지지역_6910","gosi_date":"20010416","joser_id":"100514","gosi_id":"11000212","ent_name":"자연녹지지역","lng":"126.9273297","label":"자연녹지지역","code":"UQA430","objectid":272,"lat":"37.572861"},
{"id":"자연녹지지역_00147","gosi_date":" ","joser_id":" ","gosi_id":" ","ent_name":"자연녹지지역","lng":"127.0901339","label":"자연녹지지역","code":"UQA430","objectid":234,"lat":"37.4588359"},
{"id":"자연녹지지역_00221","gosi_date":" ","joser_id":" ","gosi_id":" ","ent_name":"자연녹지지역","lng":"126.8379296","label":"자연녹지지역","code":"UQA430","objectid":239,"lat":"37.487044"},
{"id":"자연녹지지역_UQA43020130823665","gosi_date":"20121011","joser_id":"UQA43020130823665","gosi_id":"58031659","ent_name":"자연녹지지역","lng":"126.8331208","label":"자연녹지지역","code":"UQA430","objectid":244,"lat":"37.5709442"},
{"id":"자연녹지지역_00030","gosi_date":" ","joser_id":" ","gosi_id":" ","ent_name":"자연녹지지역","lng":"127.0784878","label":"자연녹지지역","code":"UQA430","objectid":247,"lat":"37.664676"},
{"id":"자연녹지지역_00145","gosi_date":" ","joser_id":" ","gosi_id":" ","ent_name":"자연녹지지역","lng":"127.0429694","label":"자연녹지지역","code":"UQA430","objectid":248,"lat":"37.628359"},
{"id":"자연녹지지역_UQA43020121207266","gosi_date":"20120726","joser_id":"UQA43020121207266","gosi_id":"58030279","ent_name":"자연녹지지역","lng":"126.8533378","label":"자연녹지지역","code":"UQA430","objectid":249,"lat":"37.5157186"},
{"id":"자연녹지지역_00054","gosi_date":" ","joser_id":" ","gosi_id":" ","ent_name":"자연녹지지역","lng":"127.1030876","label":"자연녹지지역","code":"UQA430","objectid":250,"lat":"37.5953818"},
{"id":"자연녹지지역_UQA43020130404391","gosi_date":"20121203","joser_id":"UQA43020130404391","gosi_id":"58030919","ent_name":"자연녹지지역","lng":"127.1464444","label":"자연녹지지역","code":"UQA430","objectid":251,"lat":"37.5491653"},
{"id":"생산녹지지역_5630","gosi_date":" ","joser_id":" ","gosi_id":" ","ent_name":"생산녹지지역","lng":"126.852562","label":"생산녹지지역","code":"UQA420","objectid":254,"lat":"37.559108"},
{"id":" ","gosi_date":" ","joser_id":" ","gosi_id":" ","ent_name":" ","lng":"127.1539297","label":" ","code":"UQA121","objectid":256,"lat":"37.5608969"},
{"id":"자연녹지지역_00052","gosi_date":" ","joser_id":" ","gosi_id":" ","ent_name":"자연녹지지역","lng":"126.9843859","label":"자연녹지지역","code":"UQA430","objectid":258,"lat":"37.5861187"},
{"id":"자연녹지지역_00006","gosi_date":" ","joser_id":" ","gosi_id":" ","ent_name":"자연녹지지역","lng":"126.8901974","label":"자연녹지지역","code":"UQA430","objectid":259,"lat":"37.5643122"},
{"id":"자연녹지지역_7157","gosi_date":"20081230","joser_id":"UQA43020090122877","gosi_id":"58012700","ent_name":"자연녹지지역","lng":"127.0495094","label":"자연녹지지역","code":"UQA430","objectid":260,"lat":"37.6485376"},
{"id":"자연녹지지역_00068","gosi_date":" ","joser_id":" ","gosi_id":" ","ent_name":"자연녹지지역","lng":"126.8434608","label":"자연녹지지역","code":"UQA430","objectid":262,"lat":"37.5063948"},
{"id":"자연녹지지역_UQA43020111128462","gosi_date":"20111019","joser_id":"UQA43020111128462","gosi_id":"58028068","ent_name":"자연녹지지역","lng":"127.1742825","label":"자연녹지지역","code":"UQA430","objectid":263,"lat":"37.5553039"},
{"id":"자연녹지지역_00041","gosi_date":" ","joser_id":" ","gosi_id":" ","ent_name":"자연녹지지역","lng":"126.8417815","label":"자연녹지지역","code":"UQA430","objectid":222,"lat":"37.4861037"},
{"id":"자연녹지지역_00184","gosi_date":" ","joser_id":" ","gosi_id":" ","ent_name":"자연녹지지역","lng":"127.0961702","label":"자연녹지지역","code":"UQA430","objectid":224,"lat":"37.5651185"},
{"id":"자연녹지지역_00072","gosi_date":" ","joser_id":" ","gosi_id":" ","ent_name":"자연녹지지역","lng":"126.8463289","label":"자연녹지지역","code":"UQA430","objectid":225,"lat":"37.48833"},
{"id":"생산녹지지역_5631","gosi_date":" ","joser_id":" ","gosi_id":" ","ent_name":"생산녹지지역","lng":"126.8256364","label":"생산녹지지역","code":"UQA420","objectid":226,"lat":"37.5605193"},
{"id":"자연녹지지역_00142","gosi_date":" ","joser_id":" ","gosi_id":" ","ent_name":"자연녹지지역","lng":"126.8527626","label":"자연녹지지역","code":"UQA430","objectid":231,"lat":"37.5088263"},
{"id":"자연녹지지역_UQA43020120820999","gosi_date":"20120302","joser_id":"UQA43020120820999","gosi_id":"58029376","ent_name":"자연녹지지역","lng":"127.0913945","label":"자연녹지지역","code":"UQA430","objectid":186,"lat":"37.4857292"},
{"id":"자연녹지지역_00216","gosi_date":" ","joser_id":" ","gosi_id":" ","ent_name":"자연녹지지역","lng":"126.9912894","label":"자연녹지지역","code":"UQA430","objectid":188,"lat":"37.6239483"},
{"id":"자연녹지지역_00207","gosi_date":" ","joser_id":" ","gosi_id":" ","ent_name":"자연녹지지역","lng":"126.8839097","label":"자연녹지지역","code":"UQA430","objectid":189,"lat":"37.5233784"},
{"id":"자연녹지지역_UQA43020120327698","gosi_date":"20110922","joser_id":"UQA43020120327698","gosi_id":"58028728","ent_name":"자연녹지지역","lng":"126.8301987","label":"자연녹지지역","code":"UQA430","objectid":190,"lat":"37.5710907"},
{"id":"자연녹지지역_7360","gosi_date":"20010416","joser_id":"100513","gosi_id":"11000212","ent_name":"자연녹지지역","lng":"126.966009","label":"자연녹지지역","code":"UQA430","objectid":194,"lat":"37.5898122"},
{"id":"자연녹지지역_00149","gosi_date":" ","joser_id":" ","gosi_id":" ","ent_name":"자연녹지지역","lng":"127.0717283","label":"자연녹지지역","code":"UQA430","objectid":200,"lat":"37.6373004"},
{"id":"자연녹지지역_00143","gosi_date":" ","joser_id":" ","gosi_id":" ","ent_name":"자연녹지지역","lng":"126.8276373","label":"자연녹지지역","code":"UQA430","objectid":202,"lat":"37.5766286"},
{"id":"자연녹지지역_00027","gosi_date":" ","joser_id":" ","gosi_id":" ","ent_name":"자연녹지지역","lng":"127.040861","label":"자연녹지지역","code":"UQA430","objectid":203,"lat":"37.5535054"},
{"id":"자연녹지지역_UQA43020100526386","gosi_date":"20090928","joser_id":"UQA43020100526386","gosi_id":"58018249","ent_name":"자연녹지지역","lng":"127.0970699","label":"자연녹지지역","code":"UQA430","objectid":204,"lat":"37.4704394"},
{"id":"자연녹지지역_00025","gosi_date":" ","joser_id":" ","gosi_id":" ","ent_name":"자연녹지지역","lng":"126.9725462","label":"자연녹지지역","code":"UQA430","objectid":207,"lat":"37.5388404"},
{"id":"자연녹지지역_00036","gosi_date":" ","joser_id":" ","gosi_id":" ","ent_name":"자연녹지지역","lng":"127.1369757","label":"자연녹지지역","code":"UQA430","objectid":208,"lat":"37.4787928"},
{"id":"자연녹지지역_00219","gosi_date":" ","joser_id":" ","gosi_id":" ","ent_name":"자연녹지지역","lng":"127.1464444","label":"자연녹지지역","code":"UQA430","objectid":209,"lat":"37.5491653"},
{"id":"자연녹지지역_00226","gosi_date":" ","joser_id":" ","gosi_id":" ","ent_name":"자연녹지지역","lng":"127.0753798","label":"자연녹지지역","code":"UQA430","objectid":210,"lat":"37.6470885"},
{"id":"자연녹지지역_00087","gosi_date":" ","joser_id":" ","gosi_id":" ","ent_name":"자연녹지지역","lng":"127.0594213","label":"자연녹지지역","code":"UQA430","objectid":212,"lat":"37.6469329"},
{"id":"자연녹지지역_00117","gosi_date":" ","joser_id":" ","gosi_id":" ","ent_name":"자연녹지지역","lng":"126.8084824","label":"자연녹지지역","code":"UQA430","objectid":213,"lat":"37.5745284"},
{"id":"자연녹지지역_00045","gosi_date":" ","joser_id":" ","gosi_id":" ","ent_name":"자연녹지지역","lng":"127.0803259","label":"자연녹지지역","code":"UQA430","objectid":214,"lat":"37.6497186"},
{"id":"자연녹지지역_UQA43020150130651","gosi_date":"20100128","joser_id":"UQA43020150130651","gosi_id":"58034252","ent_name":"자연녹지지역","lng":"126.8882384","label":"자연녹지지역","code":"UQA430","objectid":219,"lat":"37.4806784"},
{"id":"생산녹지지역_5628","gosi_date":" ","joser_id":" ","gosi_id":" ","ent_name":"생산녹지지역","lng":"127.1111166","label":"생산녹지지역","code":"UQA420","objectid":223,"lat":"37.4828399"},
{"id":"생산녹지지역_5636","gosi_date":" ","joser_id":" ","gosi_id":" ","ent_name":"생산녹지지역","lng":"126.8173975","label":"생산녹지지역","code":"UQA420","objectid":229,"lat":"37.5515434"},
{"id":"자연녹지지역_00154","gosi_date":" ","joser_id":" ","gosi_id":" ","ent_name":"자연녹지지역","lng":"127.0642227","label":"자연녹지지역","code":"UQA430","objectid":230,"lat":"37.6607661"},
{"id":"자연녹지지역_00168","gosi_date":" ","joser_id":" ","gosi_id":" ","ent_name":"자연녹지지역","lng":"126.8439914","label":"자연녹지지역","code":"UQA430","objectid":232,"lat":"37.4828179"},
{"id":"자연녹지지역_00143","gosi_date":" ","joser_id":" ","gosi_id":" ","ent_name":"자연녹지지역","lng":"126.8372956","label":"자연녹지지역","code":"UQA430","objectid":235,"lat":"37.5734146"},
{"id":"자연녹지지역_00143","gosi_date":" ","joser_id":" ","gosi_id":" ","ent_name":"자연녹지지역","lng":"126.8334414","label":"자연녹지지역","code":"UQA430","objectid":236,"lat":"37.5741995"},
{"id":"자연녹지지역_00213","gosi_date":" ","joser_id":" ","gosi_id":" ","ent_name":"자연녹지지역","lng":"127.0792584","label":"자연녹지지역","code":"UQA430","objectid":237,"lat":"37.6730659"},
{"id":"자연녹지지역_00119","gosi_date":" ","joser_id":" ","gosi_id":" ","ent_name":"자연녹지지역","lng":"126.9924467","label":"자연녹지지역","code":"UQA430","objectid":238,"lat":"37.6015414"},
{"id":"자연녹지지역_00023","gosi_date":" ","joser_id":"72823","gosi_id":"572","ent_name":"용도지역","lng":"126.951343","label":"녹지지역","code":"UQA430","objectid":240,"lat":"37.4553628"},
{"id":"자연녹지지역_00058","gosi_date":" ","joser_id":" ","gosi_id":" ","ent_name":"자연녹지지역","lng":"126.8787648","label":"자연녹지지역","code":"UQA430","objectid":205,"lat":"37.5461943"},
{"id":"자연녹지지역_00089","gosi_date":" ","joser_id":" ","gosi_id":" ","ent_name":"자연녹지지역","lng":"126.8770382","label":"자연녹지지역","code":"UQA430","objectid":206,"lat":"37.5348956"},
{"id":"자연녹지지역_UQA43020141027378","gosi_date":"20140206","joser_id":"UQA43020141027378","gosi_id":"58033798","ent_name":"자연녹지지역","lng":"126.9693585","label":"자연녹지지역","code":"UQA430","objectid":211,"lat":"37.5605989"},
{"id":"자연녹지지역_00104","gosi_date":" ","joser_id":" ","gosi_id":" ","ent_name":"자연녹지지역","lng":"126.8741589","label":"자연녹지지역","code":"UQA430","objectid":215,"lat":"37.5106135"},
{"id":"자연녹지지역_UQA43020121116223","gosi_date":"20120621","joser_id":"UQA43020121116223","gosi_id":"58030128","ent_name":"자연녹지지역","lng":"127.0870315","label":"자연녹지지역","code":"UQA430","objectid":216,"lat":"37.6424797"},
{"id":"자연녹지지역","gosi_date":" ","joser_id":" ","gosi_id":" ","ent_name":"자연녹지지역","lng":"127.1665893","label":"자연녹지지","code":"UQA430","objectid":217,"lat":"37.560316"},
{"id":"자연녹지지역_UQA43020110601980","gosi_date":"20110106","joser_id":"UQA43020110601980","gosi_id":"58027253","ent_name":"자연녹지지역","lng":"127.0532655","label":"자연녹지지역","code":"UQA430","objectid":241,"lat":"37.6408425"},
{"id":"자연녹지지역_00074","gosi_date":" ","joser_id":" ","gosi_id":" ","ent_name":"자연녹지지역","lng":"127.0441385","label":"자연녹지지역","code":"UQA430","objectid":242,"lat":"37.628804"},
{"id":"자연녹지지역_UQA43020110125686","gosi_date":"20110120","joser_id":"UQA43020110125686","gosi_id":"58026337","ent_name":"자연녹지지역","lng":"126.8546024","label":"자연녹지지역","code":"UQA430","objectid":243,"lat":"37.5673886"},
{"id":"자연녹지지역_00016","gosi_date":" ","joser_id":" ","gosi_id":" ","ent_name":"자연녹지지역","lng":"126.8150338","label":"자연녹지지역","code":"UQA430","objectid":245,"lat":"37.5606901"},
{"id":"자연녹지지역_00221","gosi_date":" ","joser_id":" ","gosi_id":" ","ent_name":"자연녹지지역","lng":"126.8450938","label":"자연녹지지역","code":"UQA430","objectid":246,"lat":"37.4782875"},
{"id":"자연녹지지역_00092","gosi_date":" ","joser_id":" ","gosi_id":" ","ent_name":"자연녹지지역","lng":"126.9284816","label":"자연녹지지역","code":"UQA430","objectid":253,"lat":"37.4636416"},
{"id":"자연녹지지역_UQA43020120822014","gosi_date":"20111201","joser_id":"UQA43020120822014","gosi_id":"58029435","ent_name":"자연녹지지역","lng":"126.8388723","label":"자연녹지지역","code":"UQA430","objectid":252,"lat":"37.4809173"},
{"id":"자연녹지지역_UQA43020100531403","gosi_date":"20111019","joser_id":"UQA43020100531403","gosi_id":"58028068","ent_name":"자연녹지지역","lng":"127.1745835","label":"자연녹지지역","code":"UQA430","objectid":255,"lat":"37.5552772"},
{"id":"자연녹지지역_UQA43020091218004","gosi_date":"20070823","joser_id":"UQA43020091218004","gosi_id":"58007504","ent_name":"자연녹지지역","lng":"127.0476704","label":"자연녹지지역","code":"UQA430","objectid":264,"lat":"37.6780596"},
{"id":"자연녹지지역_00012","gosi_date":" ","joser_id":" ","gosi_id":" ","ent_name":"자연녹지지역","lng":"127.0533128","label":"자연녹지지역","code":"UQA430","objectid":265,"lat":"37.6840001"},
{"id":"자연녹지지역_UQA43020140422126","gosi_date":"20140320","joser_id":"UQA43020140422126","gosi_id":"58032829","ent_name":"자연녹지지역","lng":"127.1746029","label":"자연녹지지역","code":"UQA430","objectid":257,"lat":"37.5642695"},
{"id":"자연녹지지역_00096","gosi_date":" ","joser_id":" ","gosi_id":" ","ent_name":"자연녹지지역","lng":"126.9536164","label":"자연녹지지역","code":"UQA430","objectid":261,"lat":"37.5109906"},
{"id":"자연녹지지역_00203","gosi_date":" ","joser_id":" ","gosi_id":" ","ent_name":"자연녹지지역","lng":"126.9167619","label":"자연녹지지역","code":"UQA430","objectid":266,"lat":"37.4465413"},
{"id":"자연녹지지역_00037","gosi_date":" ","joser_id":" ","gosi_id":" ","ent_name":"자연녹지지역","lng":"126.9731496","label":"자연녹지지역","code":"UQA430","objectid":267,"lat":"37.4993658"},
{"id":"자연녹지지역_00192","gosi_date":" ","joser_id":" ","gosi_id":" ","ent_name":"자연녹지지역","lng":"127.0741969","label":"자연녹지지역","code":"UQA430","objectid":270,"lat":"37.6386742"},
{"id":"자연녹지지역_00110","gosi_date":" ","joser_id":" ","gosi_id":" ","ent_name":"자연녹지지역","lng":"127.0497238","label":"자연녹지지역","code":"UQA430","objectid":271,"lat":"37.6677126"}
]
}