{
"DESCRIPTION" : {"LAT":"위도","GOSI_DATE":"고시일자","ENT_NAME":"도시계획사항 명칭","JOSER_ID":"결정조서 일련번호","LNG":"경도","LABEL":"라벨","ID":"일련번호","GOSI_ID":"고시 일련번호","CODE":"도시계획사항 코드","OBJECTID":"고유번호"},
"DATA" : [
{"id":"최고고도지구_UQH12020141106704","gosi_date":"20140327","joser_id":"UQH12020141106704","gosi_id":"58033852","ent_name":"최고고도지구","lng":"126.9942282","label":"남산주변","code":"UQH120","objectid":26,"lat":"37.5336939"},
{"id":"최고고도지구_UQH12020141106750","gosi_date":"20140327","joser_id":"UQH12020141106750","gosi_id":"58033852","ent_name":"최고고도지구","lng":"126.9963164","label":"남산주변","code":"UQH120","objectid":32,"lat":"37.5337068"},
{"id":"최고고도지구_UQH12020141106692","gosi_date":"20140327","joser_id":"UQH12020141106692","gosi_id":"58033852","ent_name":"최고고도지구","lng":"127.0094596","label":"남산주변","code":"UQH120","objectid":33,"lat":"37.5364012"},
{"id":"최고고도지구_UQH12020141106708","gosi_date":"20140327","joser_id":"UQH12020141106708","gosi_id":"58033852","ent_name":"최고고도지구","lng":"126.9807267","label":"경복궁주변","code":"UQH120","objectid":35,"lat":"37.5790055"},
{"id":"최고고도지구_92","gosi_date":"19940503","joser_id":"28056","gosi_id":"1585","ent_name":"최고고도지구","lng":"126.8606796","label":"김포공항주변고도지구","code":"UQH120","objectid":36,"lat":"37.5034426"},
{"id":"최고고도지구_UQH12020141106718","gosi_date":"20140327","joser_id":"UQH12020141106718","gosi_id":"58033852","ent_name":"최고고도지구","lng":"127.0095277","label":"남산주변","code":"UQH120","objectid":6,"lat":"37.5358822"},
{"id":"최고고도지구_UQH12020141106706","gosi_date":"20140327","joser_id":"UQH12020141106706","gosi_id":"58033852","ent_name":"최고고도지구","lng":"127.0102258","label":"서초동 법원단지 주변","code":"UQH120","objectid":10,"lat":"37.4937503"},
{"id":"최고고도지구_UQH12020141106734","gosi_date":"20140327","joser_id":"UQH12020141106734","gosi_id":"58033852","ent_name":"최고고도지구","lng":"127.0663505","label":"배봉산주변","code":"UQH120","objectid":12,"lat":"37.5854335"},
{"id":"최고고도지구_UQH12020141106726","gosi_date":"20140327","joser_id":"UQH12020141106726","gosi_id":"58033852","ent_name":"최고고도지구","lng":"126.9953263","label":"남산주변","code":"UQH120","objectid":14,"lat":"37.5345346"},
{"id":"최고고도지구_18","gosi_date":"19820422","joser_id":"55251","gosi_id":"1276","ent_name":"최고고도지구","lng":"127.0063276","label":"남산주변고도지구","code":"UQH120","objectid":17,"lat":"37.5546225"},
{"id":"최고고도지구_UQH12020141106702","gosi_date":"20140327","joser_id":"UQH12020141106702","gosi_id":"58033852","ent_name":"최고고도지구","lng":"126.9941592","label":"남산주변","code":"UQH120","objectid":25,"lat":"37.5345971"},
{"id":"최고고도지구_61","gosi_date":"19801230","joser_id":"51651","gosi_id":"2925","ent_name":"최고고도지구","lng":"126.9900326","label":"남산주변고도지구","code":"UQH120","objectid":27,"lat":"37.5468097"},
{"id":"최고고도지구_UQH12020141106696","gosi_date":"20140327","joser_id":"UQH12020141106696","gosi_id":"58033852","ent_name":"최고고도지구","lng":"126.9895141","label":"남산주변","code":"UQH120","objectid":29,"lat":"37.5347102"},
{"id":"최고고도지구_UQH12020141106714","gosi_date":"20140327","joser_id":"UQH12020141106714","gosi_id":"58033852","ent_name":"최고고도지구","lng":"126.9737398","label":"경복궁주변","code":"UQH120","objectid":30,"lat":"37.5797484"},
{"id":"최고고도지구_UQH12020141106748","gosi_date":"20140327","joser_id":"UQH12020141106748","gosi_id":"58033852","ent_name":"최고고도지구","lng":"127.0836115","label":"어린이대공원주변","code":"UQH120","objectid":31,"lat":"37.5508198"},
{"id":"최고고도지구_93","gosi_date":"19940503","joser_id":"27347","gosi_id":"1585","ent_name":"최고고도지구","lng":"126.8015507","label":"김포공항주변고도지구","code":"UQH120","objectid":34,"lat":"37.5552642"},
{"id":"최고고도지구_UQH12020141106732","gosi_date":"20140327","joser_id":"UQH12020141106732","gosi_id":"58033852","ent_name":"최고고도지구","lng":"126.8168487","label":"오류","code":"UQH120","objectid":37,"lat":"37.4932866"},
{"id":"최고고도지구_UQH12020141106728","gosi_date":"20140327","joser_id":"UQH12020141106728","gosi_id":"58033852","ent_name":"최고고도지구","lng":"126.9937358","label":"남산주변","code":"UQH120","objectid":18,"lat":"37.5344413"},
{"id":"최고고도지구_UQH12020141106744","gosi_date":"20140327","joser_id":"UQH12020141106744","gosi_id":"58033852","ent_name":"최고고도지구","lng":"126.9920986","label":"남산주변","code":"UQH120","objectid":20,"lat":"37.5334674"},
{"id":"최고고도지구_UQH12020141106742","gosi_date":"20140327","joser_id":"UQH12020141106742","gosi_id":"58033852","ent_name":"최고고도지구","lng":"127.0008581","label":"남산주변","code":"UQH120","objectid":21,"lat":"37.5359846"},
{"id":"최고고도지구_UQH12020141106738","gosi_date":"20140327","joser_id":"UQH12020141106738","gosi_id":"58033852","ent_name":"최고고도지구","lng":"126.9219119","label":"국회의사당주변","code":"UQH120","objectid":22,"lat":"37.5265168"},
{"id":"최고고도지구_UQH12020141106736","gosi_date":"20140327","joser_id":"UQH12020141106736","gosi_id":"58033852","ent_name":"최고고도지구","lng":"127.0831141","label":"어린이대공원주변","code":"UQH120","objectid":23,"lat":"37.5496193"},
{"id":"최고고도지구_UQH12020141106746","gosi_date":"20140327","joser_id":"UQH12020141106746","gosi_id":"58033852","ent_name":"최고고도지구","lng":"126.9219119","label":"국회의사당 주변","code":"UQH120","objectid":28,"lat":"37.5265168"},
{"id":"최고고도지구_UQH12020141106752","gosi_date":"20140327","joser_id":"UQH12020141106752","gosi_id":"58033852","ent_name":"최고고도지구","lng":"126.9677721","label":"구기.평창","code":"UQH120","objectid":1,"lat":"37.6018527"},
{"id":"최고고도지구_UQH12020141106722","gosi_date":"20140327","joser_id":"UQH12020141106722","gosi_id":"58033852","ent_name":"최고고도지구","lng":"126.9934846","label":"남산주변","code":"UQH120","objectid":2,"lat":"37.5488189"},
{"id":"최고고도지구_UQH12020141106730","gosi_date":"20140327","joser_id":"UQH12020141106730","gosi_id":"58033852","ent_name":"최고고도지구","lng":"127.0246232","label":"북한산주변","code":"UQH120","objectid":3,"lat":"37.6534673"},
{"id":"최고고도지구_UQH12020141106740","gosi_date":"20140327","joser_id":"UQH12020141106740","gosi_id":"58033852","ent_name":"최고고도지구","lng":"126.9943577","label":"남산주변","code":"UQH120","objectid":4,"lat":"37.5477145"},
{"id":"최고고도지구_UQH12020141106698","gosi_date":"20140327","joser_id":"UQH12020141106698","gosi_id":"58033852","ent_name":"최고고도지구","lng":"126.9779366","label":"경복궁주변","code":"UQH120","objectid":5,"lat":"37.5827084"},
{"id":"최고고도지구_UQH12020141106700","gosi_date":"20140327","joser_id":"UQH12020141106700","gosi_id":"58033852","ent_name":"최고고도지구","lng":"126.9689499","label":"경복궁주변","code":"UQH120","objectid":7,"lat":"37.5830492"},
{"id":"최고고도지구_91","gosi_date":"19940503","joser_id":"27631","gosi_id":"1585","ent_name":"최고고도지구","lng":"126.7927122","label":"김포공항주변고도지구","code":"UQH120","objectid":8,"lat":"37.5572526"},
{"id":"최고고도지구_UQH12020101005419","gosi_date":"20100211","joser_id":"UQH12020101005419","gosi_id":"58024151","ent_name":"최고고도지구","lng":"126.8086732","label":"김포국제공항주변 고도지구 최고고도","code":"UQH120","objectid":9,"lat":"37.5581676"},
{"id":"최고고도지구_UQH12020141106724","gosi_date":"20140327","joser_id":"UQH12020141106724","gosi_id":"58033852","ent_name":"최고고도지구","lng":"127.0027011","label":"남산주변","code":"UQH120","objectid":11,"lat":"37.5360793"},
{"id":"최고고도지구_25","gosi_date":"19950406","joser_id":"30559","gosi_id":"1761","ent_name":"최고고도지구","lng":"126.9793929","label":"남산주변고도지구","code":"UQH120","objectid":13,"lat":"37.5557467"},
{"id":"최고고도지구_UQH12020141106720","gosi_date":"20140327","joser_id":"UQH12020141106720","gosi_id":"58033852","ent_name":"최고고도지구","lng":"127.0892112","label":"어린이대공원주변","code":"UQH120","objectid":15,"lat":"37.5506759"},
{"id":"최고고도지구_UQH12020141106710","gosi_date":"20140327","joser_id":"UQH12020141106710","gosi_id":"58033852","ent_name":"최고고도지구","lng":"126.9848547","label":"경복궁주변","code":"UQH120","objectid":16,"lat":"37.5780537"},
{"id":"최고고도지구_UQH12020141106694","gosi_date":"20140327","joser_id":"UQH12020141106694","gosi_id":"58033852","ent_name":"최고고도지구","lng":"127.0041056","label":"남산주변","code":"UQH120","objectid":19,"lat":"37.5365034"},
{"id":"최고고도지구_UQH12020141106716","gosi_date":"20140327","joser_id":"UQH12020141106716","gosi_id":"58033852","ent_name":"최고고도지구","lng":"127.0093331","label":"남산주변","code":"UQH120","objectid":24,"lat":"37.5362309"},
{"id":"최고고도지구_UQH12020131017600","gosi_date":"20130730","joser_id":"UQH12020131017600","gosi_id":"58031893","ent_name":"최고고도지구","lng":"126.8331217","label":"김포국제공항주변 고도지구 최고고도","code":"UQH120","objectid":41,"lat":"37.5710722"},
{"id":"최고고도지구_UQH12020141106712","gosi_date":"20140327","joser_id":"UQH12020141106712","gosi_id":"58033852","ent_name":"최고고도지구","lng":"126.9718076","label":"경복궁주변","code":"UQH120","objectid":42,"lat":"37.5798656"},
{"id":"최고고도지구_94","gosi_date":"19940503","joser_id":"27630","gosi_id":"1585","ent_name":"최고고도지구","lng":"126.8326179","label":"김포공항주변고도지구","code":"UQH120","objectid":38,"lat":"37.5538732"},
{"id":"최고고도지구_UQH12020131017596","gosi_date":"20130730","joser_id":"UQH12020131017596","gosi_id":"58031893","ent_name":"최고고도지구","lng":"126.8230662","label":"김포국제공항주변 고도지구 최고고도","code":"UQH120","objectid":39,"lat":"37.563101"},
{"id":"최고고도지구_UQH12020131017592","gosi_date":"20130730","joser_id":"UQH12020131017592","gosi_id":"58031893","ent_name":"최고고도지구","lng":"126.831626","label":"김포국제공항주변 고도지구 최고고도","code":"UQH120","objectid":40,"lat":"37.5638062"}
]
}